Chapter,Title
1,"Personal Information"
2,"The Human Body"
3,"Health and Medicine"
4,"Psyche, Mind, Behaviour"
5,"Food, Clothing, Shopping"
6,"Living"
7,"Private Life, Social Relationships"
8,"Education and Training"
9,"Professional and Work World"
10,"Leisure Activities"
11,"Travel and Tourism"
12,"Art, Music, Literature"
13,"History, Religion, Philosophy"
14,"State, Law, Politics"
15,"Economy and Business"
16,"Communication and Mass Media"
17,"Transportation, Vehicles"
18,"Nature, Environment, Ecology"
19,"Time and Space"
20,"Colours and Shapes"
21,"Quantities, Measurements, Numbers"
22,"General Terms"
23,"Verbal Communication"
24,"Language Structures"